Model,SDC,Critical SDC,DUE
vit16_224,,,
vit16_224-hd,,,
vit16_384,28.742857142857144,8.514285714285714,1.2
vit16_384-hd,,,
vit14_large_224,25.542857142857144,6.171428571428572,1.4285714285714286
vit14_large_224-hd,,,
vit32_sam_224,,,
vit32_sam_224-hd,,,
