Model,SDC,Critical SDC,DUE
vit16_224,31.142857142857142,6.4,2.457142857142857
vit16_224-hd,36.114285714285714,3.1999999999999997,2.0
vit16_384,27.77142857142857,7.6,2.5714285714285716
vit16_384-hd,31.54285714285714,3.485714285714286,2.0
vit14_large_224,24.457142857142856,5.771428571428572,1.4285714285714286
vit14_large_224-hd,31.428571428571427,1.7714285714285716,1.7714285714285718
vit32_sam_224,31.25714285714286,5.6571428571428575,2.0571428571428574
vit32_sam_224-hd,35.77142857142857,2.9714285714285715,2.1714285714285717
