Model,SDC,Critical SDC,DUE
vit16_224,31.142857142857142,6.4,2.457142857142857
vit16_224-hd,,,
vit16_384,27.77142857142857,7.6,2.5714285714285716
vit16_384-hd,,,
vit14_large_224,24.457142857142856,5.771428571428572,1.4285714285714286
vit14_large_224-hd,,,
vit32_sam_224,31.25714285714286,5.6571428571428575,2.0571428571428574
vit32_sam_224-hd,,,
