Model,SDC,Critical SDC,DUE
vit16_224,35.2,7.428571428571429,1.9428571428571428
vit16_224-hd,,,
vit16_384,30.514285714285712,9.085714285714285,1.4857142857142858
vit16_384-hd,,,
vit14_large_224,29.2,6.114285714285714,1.2571428571428573
vit14_large_224-hd,,,
vit32_sam_224,35.714285714285715,7.771428571428572,1.7142857142857142
vit32_sam_224-hd,,,
