Model,SDC,Critical SDC,DUE
vit16_224,42.11428571428571,6.4,1.7142857142857142
vit16_224-hd,,,
vit16_384,30.342857142857138,7.028571428571429,1.4285714285714286
vit16_384-hd,,,
vit14_large_224,50.57142857142857,5.542857142857143,5.885714285714286
vit14_large_224-hd,,,
vit32_sam_224,43.42857142857143,6.8,14.228571428571428
vit32_sam_224-hd,,,
